{
  "total_return_pct": 161.04820467496012,
  "final_equity": 2.6104820467496013,
  "initial_equity": 1.0,
  "n_trades": 3073,
  "win_rate": 0.6400911161731208,
  "avg_return_pct": 0.032370775135446554,
  "median_return_pct": 0.020393806493019695,
  "avg_win_pct": 0.08396838232395107,
  "avg_loss_pct": -0.05939458954790639,
  "best_trade_pct": 2.985857825567513,
  "worst_trade_pct": -2.6494841654457413,
  "profit_factor": 2.5143060127778547,
  "max_consecutive_wins": 17,
  "max_consecutive_losses": 8,
  "avg_holding_bars": 86.01008786202408,
  "median_holding_bars": 60.0,
  "total_fees": 0.03073000000000002,
  "n_long_trades": 1301,
  "n_short_trades": 1772,
  "long_win_rate": 0.6594926979246734,
  "short_win_rate": 0.6258465011286681,
  "return_skew": 2.9143942396304188,
  "return_kurtosis": 98.32935644056913,
  "return_std": 0.16853675649728578,
  "sharpe": 1.1634179368405186,
  "sortino": 0.22677156481287214,
  "max_drawdown_pct": -3.4346050641009365,
  "max_dd_duration_bars": 566,
  "calmar": 46.889875740958615,
  "n_trading_days": 3,
  "profitable_days": 3,
  "daily_win_rate": 1.0,
  "avg_daily_pnl": 0.3315846399707575,
  "best_day_pnl": 0.6188784502866208,
  "worst_day_pnl": 0.16854193209625307,
  "n_symbols": 1,
  "symbols": [
    "HBAR-USD"
  ],
  "strategy": "HBAR-USD ML@1m"
}