{
  "total_return_pct": 149.07289143461102,
  "final_equity": 2.49072891434611,
  "initial_equity": 1.0,
  "n_trades": 3322,
  "win_rate": 0.6776038531005418,
  "avg_return_pct": 0.028617603234809975,
  "median_return_pct": 0.018260864342440786,
  "avg_win_pct": 0.07529455232585051,
  "avg_loss_pct": -0.06948679676886159,
  "best_trade_pct": 1.7658699777326103,
  "worst_trade_pct": -2.849746267241786,
  "profit_factor": 2.2774418020801295,
  "max_consecutive_wins": 21,
  "max_consecutive_losses": 6,
  "avg_holding_bars": 88.07314870559904,
  "median_holding_bars": 60.0,
  "total_fees": 0.03322000000000003,
  "n_long_trades": 1445,
  "n_short_trades": 1877,
  "long_win_rate": 0.7141868512110726,
  "short_win_rate": 0.6494405966968567,
  "return_skew": -4.065683805722861,
  "return_kurtosis": 91.36145339426038,
  "return_std": 0.16920491920453892,
  "sharpe": 1.0123961740822152,
  "sortino": 0.13830405124572473,
  "max_drawdown_pct": -5.885294999484902,
  "max_dd_duration_bars": 607,
  "calmar": 25.32972288520088,
  "n_trading_days": 3,
  "profitable_days": 3,
  "daily_win_rate": 1.0,
  "avg_daily_pnl": 0.3168922598201291,
  "best_day_pnl": 0.5301678492178048,
  "worst_day_pnl": 0.0793433357643564,
  "n_symbols": 1,
  "symbols": [
    "DOGE-USD"
  ],
  "strategy": "DOGE-USD ML@1m"
}