{
  "Equal Weight": {
    "total_return_pct": 820221.034243949,
    "avg_daily_return": 294.93777777777774,
    "daily_vol": 443.97768167825177,
    "days_positive": 9,
    "total_days": 9,
    "daily_returns": [
      195.11249999999998,
      25.26,
      70.24000000000001,
      62.13249999999999,
      1519.4775,
      273.315,
      228.98000000000002,
      270.95,
      8.9725
    ],
    "weights": [
      [
        0.25,
        0.25,
        0.25,
        0.25
      ],
      [
        0.25,
        0.25,
        0.25,
        0.25
      ],
      [
        0.25,
        0.25,
        0.25,
        0.25
      ],
      [
        0.25,
        0.25,
        0.25,
        0.25
      ],
      [
        0.25,
        0.25,
        0.25,
        0.25
      ],
      [
        0.25,
        0.25,
        0.25,
        0.25
      ],
      [
        0.25,
        0.25,
        0.25,
        0.25
      ],
      [
        0.25,
        0.25,
        0.25,
        0.25
      ],
      [
        0.25,
        0.25,
        0.25,
        0.25
      ]
    ]
  },
  "AUC-Weighted": {
    "total_return_pct": 876651.624550012,
    "avg_daily_return": 299.10362587589924,
    "daily_vol": 450.15145574204047,
    "days_positive": 9,
    "total_days": 9,
    "daily_returns": [
      195.11249999999998,
      25.678947177285682,
      71.03784093224132,
      62.45404341894353,
      1540.3960707569088,
      277.3582927725838,
      232.36552975521676,
      278.1905826019831,
      9.338825467930002
    ],
    "weights": [
      [
        0.25,
        0.25,
        0.25,
        0.25
      ],
      [
        0.264704091809339,
        0.2669748095786609,
        0.2681730999397338,
        0.2001479986722663
      ],
      [
        0.268574421503957,
        0.24890751938666228,
        0.26961907940855623,
        0.21289897970082466
      ],
      [
        0.23002548671732465,
        0.25482653835820157,
        0.28298490196691983,
        0.232163072957554
      ],
      [
        0.24112488732527587,
        0.2745662632774379,
        0.2689231120587825,
        0.21538573733850389
      ],
      [
        0.2420320938228655,
        0.2601481930627186,
        0.26337554742889424,
        0.23444416568552148
      ],
      [
        0.24093953527943027,
        0.2551119722451766,
        0.28067759439866163,
        0.22327089807673145
      ],
      [
        0.23526656801376397,
        0.2549128233503148,
        0.290249839745945,
        0.21957076888997623
      ],
      [
        0.21973064855612134,
        0.2639731651226894,
        0.28282760654766986,
        0.23346857977351942
      ]
    ]
  },
  "Momentum": {
    "total_return_pct": 1190717.0284380699,
    "avg_daily_return": 326.49958092311203,
    "daily_vol": 503.9359151823057,
    "days_positive": 9,
    "total_days": 9,
    "daily_returns": [
      195.11249999999998,
      25.26,
      70.24000000000001,
      66.97128414958114,
      1718.7596243510907,
      306.7771399445968,
      270.89692241949194,
      274.06994543283685,
      10.408812010409997
    ],
    "weights": [
      [
        0.25,
        0.25,
        0.25,
        0.25
      ],
      [
        0.25,
        0.25,
        0.25,
        0.25
      ],
      [
        0.25,
        0.25,
        0.25,
        0.25
      ],
      [
        0.31661902632168815,
        0.3519914257982277,
        0.28377019731140074,
        0.047619350568683425
      ],
      [
        0.27250860707056596,
        0.39890446218590425,
        0.2809671183404615,
        0.04761981240306841
      ],
      [
        0.49328990339067336,
        0.21648830572660974,
        0.24260270886731103,
        0.047619082015405906
      ],
      [
        0.46684156405200683,
        0.21895563980597568,
        0.2665837181980101,
        0.04761907794400727
      ],
      [
        0.4659335217060744,
        0.21293102486292273,
        0.27351637769653675,
        0.047619075734466026
      ],
      [
        0.26368585520185167,
        0.28157880688077863,
        0.4071161927731044,
        0.04761914514426525
      ]
    ]
  },
  "Inverse Vol": {
    "total_return_pct": 527933.2799223983,
    "avg_daily_return": 270.40346720186056,
    "daily_vol": 414.67284719601395,
    "days_positive": 9,
    "total_days": 9,
    "daily_returns": [
      195.11249999999998,
      25.26,
      70.24000000000001,
      58.08368820990713,
      1418.573420809223,
      222.05613517338475,
      187.4659008157126,
      248.51120068677676,
      8.328359121740919
    ],
    "weights": [
      [
        0.25,
        0.25,
        0.25,
        0.25
      ],
      [
        0.25,
        0.25,
        0.25,
        0.25
      ],
      [
        0.25,
        0.25,
        0.25,
        0.25
      ],
      [
        0.18020201379741302,
        0.19386994462544654,
        0.20292244104266963,
        0.4230056005344709
      ],
      [
        0.23780173720202,
        0.18979536159595783,
        0.22280479786233595,
        0.3495981033396862
      ],
      [
        0.10626879975953914,
        0.20100781751832839,
        0.18227051670532735,
        0.5104528660168052
      ],
      [
        0.10373206482700371,
        0.20129729846214806,
        0.1871117035079004,
        0.507858933202948
      ],
      [
        0.1006907991292364,
        0.1969605582603879,
        0.190729918483243,
        0.5116187241271327
      ],
      [
        0.22627752270831789,
        0.17355246084394585,
        0.22369104023033123,
        0.376478976217405
      ]
    ]
  }
}